Workbook

Sheet Text2Image_FT
A1: Products | B1: Results | C1: recall_1 | D1: recall_5 | E1: recall_10 | F1: n | G1: recall_1_num | H1: recall_5_num | I1: recall_10_num
A2: BEAUTY | B2: R@1=0.266 (n=64) R@5=0.469 (n=64) R@10=0.609 (n=64) | C2: =MID(B2,FIND("R@1",B2)+4,5) -> 0.266 | D2: =MID(B2,FIND("R@5",B2)+4,5) -> 0.469 | E2: =MID(B2,FIND("R@10",B2)+5,5) -> 0.609 | F2: =VALUE(MID(B2,FIND("(n=",B2)+3,FIND(")",B2,FIND("(n=",B2))-FIND("(n=",B2)-3)) -> 64 | G2: =VALUE(C2) -> 0.266 | H2: =VALUE(D2) -> 0.469 | I2: =VALUE(E2) -> 0.609
A3: OFFICE_PRODUCTS | B3: R@1=0.141 (n=85) R@5=0.400 (n=85) R@10=0.506 (n=85) | C3: =MID(B3,FIND("R@1",B3)+4,5) -> 0.141 | D3: =MID(B3,FIND("R@5",B3)+4,5) -> 0.400 | E3: =MID(B3,FIND("R@10",B3)+5,5) -> 0.506 | F3: =VALUE(MID(B3,FIND("(n=",B3)+3,FIND(")",B3,FIND("(n=",B3))-FIND("(n=",B3)-3)) -> 85 | G3: =VALUE(C3) -> 0.141 | H3: =VALUE(D3) -> 0.4 | I3: =VALUE(E3) -> 0.506
A4: BOOT | B4: R@1=0.099 (n=71) R@5=0.296 (n=71) R@10=0.423 (n=71) | C4: =MID(B4,FIND("R@1",B4)+4,5) -> 0.099 | D4: =MID(B4,FIND("R@5",B4)+4,5) -> 0.296 | E4: =MID(B4,FIND("R@10",B4)+5,5) -> 0.423 | F4: =VALUE(MID(B4,FIND("(n=",B4)+3,FIND(")",B4,FIND("(n=",B4))-FIND("(n=",B4)-3)) -> 71 | G4: =VALUE(C4) -> 0.099 | H4: =VALUE(D4) -> 0.296 | I4: =VALUE(E4) -> 0.423
A5: SHOES | B5: R@1=0.069 (n=963) R@5=0.227 (n=963) R@10=0.325 (n=963) | C5: =MID(B5,FIND("R@1",B5)+4,5) -> 0.069 | D5: =MID(B5,FIND("R@5",B5)+4,5) -> 0.227 | E5: =MID(B5,FIND("R@10",B5)+5,5) -> 0.325 | F5: =VALUE(MID(B5,FIND("(n=",B5)+3,FIND(")",B5,FIND("(n=",B5))-FIND("(n=",B5)-3)) -> 963 | G5: =VALUE(C5) -> 0.069 | H5: =VALUE(D5) -> 0.227 | I5: =VALUE(E5) -> 0.325
A6: GROCERY | B6: R@1=0.444 (n=923) R@5=0.781 (n=923) R@10=0.863 (n=923) | C6: =MID(B6,FIND("R@1",B6)+4,5) -> 0.444 | D6: =MID(B6,FIND("R@5",B6)+4,5) -> 0.781 | E6: =MID(B6,FIND("R@10",B6)+5,5) -> 0.863 | F6: =VALUE(MID(B6,FIND("(n=",B6)+3,FIND(")",B6,FIND("(n=",B6))-FIND("(n=",B6)-3)) -> 923 | G6: =VALUE(C6) -> 0.444 | H6: =VALUE(D6) -> 0.781 | I6: =VALUE(E6) -> 0.863
A7: ACCESSORY | B7: R@1=0.164 (n=67) R@5=0.537 (n=67) R@10=0.716 (n=67) | C7: =MID(B7,FIND("R@1",B7)+4,5) -> 0.164 | D7: =MID(B7,FIND("R@5",B7)+4,5) -> 0.537 | E7: =MID(B7,FIND("R@10",B7)+5,5) -> 0.716 | F7: =VALUE(MID(B7,FIND("(n=",B7)+3,FIND(")",B7,FIND("(n=",B7))-FIND("(n=",B7)-3)) -> 67 | G7: =VALUE(C7) -> 0.164 | H7: =VALUE(D7) -> 0.537 | I7: =VALUE(E7) -> 0.716
A8: RUG | B8: R@1=0.053 (n=152) R@5=0.171 (n=152) R@10=0.230 (n=152) | C8: =MID(B8,FIND("R@1",B8)+4,5) -> 0.053 | D8: =MID(B8,FIND("R@5",B8)+4,5) -> 0.171 | E8: =MID(B8,FIND("R@10",B8)+5,5) -> 0.230 | F8: =VALUE(MID(B8,FIND("(n=",B8)+3,FIND(")",B8,FIND("(n=",B8))-FIND("(n=",B8)-3)) -> 152 | G8: =VALUE(C8) -> 0.053 | H8: =VALUE(D8) -> 0.171 | I8: =VALUE(E8) -> 0.23
A9: HOME | B9: R@1=0.150 (n=306) R@5=0.402 (n=306) R@10=0.510 (n=306) | C9: =MID(B9,FIND("R@1",B9)+4,5) -> 0.150 | D9: =MID(B9,FIND("R@5",B9)+4,5) -> 0.402 | E9: =MID(B9,FIND("R@10",B9)+5,5) -> 0.510 | F9: =VALUE(MID(B9,FIND("(n=",B9)+3,FIND(")",B9,FIND("(n=",B9))-FIND("(n=",B9)-3)) -> 306 | G9: =VALUE(C9) -> 0.15 | H9: =VALUE(D9) -> 0.402 | I9: =VALUE(E9) -> 0.51
A10: SPORTING_GOODS | B10: R@1=0.171 (n=76) R@5=0.487 (n=76) R@10=0.658 (n=76) | C10: =MID(B10,FIND("R@1",B10)+4,5) -> 0.171 | D10: =MID(B10,FIND("R@5",B10)+4,5) -> 0.487 | E10: =MID(B10,FIND("R@10",B10)+5,5) -> 0.658 | F10: =VALUE(MID(B10,FIND("(n=",B10)+3,FIND(")",B10,FIND("(n=",B10))-FIND("(n=",B10)-3)) -> 76 | G10: =VALUE(C10) -> 0.171 | H10: =VALUE(D10) -> 0.487 | I10: =VALUE(E10) -> 0.658
A11: KITCHEN | B11: R@1=0.155 (n=84) R@5=0.512 (n=84) R@10=0.679 (n=84) | C11: =MID(B11,FIND("R@1",B11)+4,5) -> 0.155 | D11: =MID(B11,FIND("R@5",B11)+4,5) -> 0.512 | E11: =MID(B11,FIND("R@10",B11)+5,5) -> 0.679 | F11: =VALUE(MID(B11,FIND("(n=",B11)+3,FIND(")",B11,FIND("(n=",B11))-FIND("(n=",B11)-3)) -> 84 | G11: =VALUE(C11) -> 0.155 | H11: =VALUE(D11) -> 0.512 | I11: =VALUE(E11) -> 0.679
A12: HOME_FURNITURE_AND_DECOR | B12: R@1=0.116 (n=198) R@5=0.298 (n=198) R@10=0.424 (n=198) | C12: =MID(B12,FIND("R@1",B12)+4,5) -> 0.116 | D12: =MID(B12,FIND("R@5",B12)+4,5) -> 0.298 | E12: =MID(B12,FIND("R@10",B12)+5,5) -> 0.424 | F12: =VALUE(MID(B12,FIND("(n=",B12)+3,FIND(")",B12,FIND("(n=",B12))-FIND("(n=",B12)-3)) -> 198 | G12: =VALUE(C12) -> 0.116 | H12: =VALUE(D12) -> 0.298 | I12: =VALUE(E12) -> 0.424
A13: FINENECKLACEBRACELETANKLET | B13: R@1=0.252 (n=163) R@5=0.448 (n=163) R@10=0.564 (n=163) | C13: =MID(B13,FIND("R@1",B13)+4,5) -> 0.252 | D13: =MID(B13,FIND("R@5",B13)+4,5) -> 0.448 | E13: =MID(B13,FIND("R@10",B13)+5,5) -> 0.564 | F13: =VALUE(MID(B13,FIND("(n=",B13)+3,FIND(")",B13,FIND("(n=",B13))-FIND("(n=",B13)-3)) -> 163 | G13: =VALUE(C13) -> 0.252 | H13: =VALUE(D13) -> 0.448 | I13: =VALUE(E13) -> 0.564
... A30: HARDWARE_HANDLE | B30: R@1=0.042 (n=72) R@5=0.208 (n=72) R@10=0.375 (n=72) | C30: =MID(B30,FIND("R@1",B30)+4,5) -> 0.042 | D30: =MID(B30,FIND("R@5",B30)+4,5) -> 0.208 | E30: =MID(B30,FIND("R@10",B30)+5,5) -> 0.375 | F30: =VALUE(MID(B30,FIND("(n=",B30)+3,FIND(")",B30,FIND("(n=",B30))-FIND("(n=",B30)-3)) -> 72 | G30: =VALUE(C30) -> 0.042 | H30: =VALUE(D30) -> 0.208 | I30: =VALUE(E30) -> 0.375
A33: Average Score
A34: recall_1 | B34: 0.1894
A35: recall_5 | B35: 0.426
A36: recall_10 | B36: 0.5422

Sheet Image2Text_FT
A1: Products | C1: recall_1 | D1: recall_5 | E1: recall_10 | F1: n | G1: recall_1_num | H1: recall_5_num | I1: recall_10_num
A2: BEAUTY | B2: R@1=0.219 (n=64) R@5=0.438 (n=64) R@10=0.609 (n=64) | C2: =MID(B2,FIND("R@1",B2)+4,5) -> 0.219 | D2: =MID(B2,FIND("R@5",B2)+4,5) -> 0.438 | E2: =MID(B2,FIND("R@10",B2)+5,5) -> 0.609 | F2: =VALUE(MID(B2,FIND("(n=",B2)+3,FIND(")",B2,FIND("(n=",B2))-FIND("(n=",B2)-3)) -> 64 | G2: =VALUE(C2) -> 0.219 | H2: =VALUE(D2) -> 0.438 | I2: =VALUE(E2) -> 0.609
A3: OFFICE_PRODUCTS | B3: R@1=0.165 (n=85) R@5=0.412 (n=85) R@10=0.553 (n=85) | C3: =MID(B3,FIND("R@1",B3)+4,5) -> 0.165 | D3: =MID(B3,FIND("R@5",B3)+4,5) -> 0.412 | E3: =MID(B3,FIND("R@10",B3)+5,5) -> 0.553 | F3: =VALUE(MID(B3,FIND("(n=",B3)+3,FIND(")",B3,FIND("(n=",B3))-FIND("(n=",B3)-3)) -> 85 | G3: =VALUE(C3) -> 0.165 | H3: =VALUE(D3) -> 0.412 | I3: =VALUE(E3) -> 0.553
A4: BOOT | B4: R@1=0.099 (n=71) R@5=0.282 (n=71) R@10=0.366 (n=71) | C4: =MID(B4,FIND("R@1",B4)+4,5) -> 0.099 | D4: =MID(B4,FIND("R@5",B4)+4,5) -> 0.282 | E4: =MID(B4,FIND("R@10",B4)+5,5) -> 0.366 | F4: =VALUE(MID(B4,FIND("(n=",B4)+3,FIND(")",B4,FIND("(n=",B4))-FIND("(n=",B4)-3)) -> 71 | G4: =VALUE(C4) -> 0.099 | H4: =VALUE(D4) -> 0.282 | I4: =VALUE(E4) -> 0.366
A5: SHOES | B5: R@1=0.073 (n=963) R@5=0.242 (n=963) R@10=0.349 (n=963) | C5: =MID(B5,FIND("R@1",B5)+4,5) -> 0.073 | D5: =MID(B5,FIND("R@5",B5)+4,5) -> 0.242 | E5: =MID(B5,FIND("R@10",B5)+5,5) -> 0.349 | F5: =VALUE(MID(B5,FIND("(n=",B5)+3,FIND(")",B5,FIND("(n=",B5))-FIND("(n=",B5)-3)) -> 963 | G5: =VALUE(C5) -> 0.073 | H5: =VALUE(D5) -> 0.242 | I5: =VALUE(E5) -> 0.349
A6: GROCERY | B6: R@1=0.377 (n=923) R@5=0.735 (n=923) R@10=0.844 (n=923) | C6: =MID(B6,FIND("R@1",B6)+4,5) -> 0.377 | D6: =MID(B6,FIND("R@5",B6)+4,5) -> 0.735 | E6: =MID(B6,FIND("R@10",B6)+5,5) -> 0.844 | F6: =VALUE(MID(B6,FIND("(n=",B6)+3,FIND(")",B6,FIND("(n=",B6))-FIND("(n=",B6)-3)) -> 923 | G6: =VALUE(C6) -> 0.377 | H6: =VALUE(D6) -> 0.735 | I6: =VALUE(E6) -> 0.844
A7: ACCESSORY | B7: R@1=0.239 (n=67) R@5=0.612 (n=67) R@10=0.791 (n=67) | C7: =MID(B7,FIND("R@1",B7)+4,5) -> 0.239 | D7: =MID(B7,FIND("R@5",B7)+4,5) -> 0.612 | E7: =MID(B7,FIND("R@10",B7)+5,5) -> 0.791 | F7: =VALUE(MID(B7,FIND("(n=",B7)+3,FIND(")",B7,FIND("(n=",B7))-FIND("(n=",B7)-3)) -> 67 | G7: =VALUE(C7) -> 0.239 | H7: =VALUE(D7) -> 0.612 | I7: =VALUE(E7) -> 0.791
A8: RUG | B8: R@1=0.072 (n=152) R@5=0.197 (n=152) R@10=0.263 (n=152) | C8: =MID(B8,FIND("R@1",B8)+4,5) -> 0.072 | D8: =MID(B8,FIND("R@5",B8)+4,5) -> 0.197 | E8: =MID(B8,FIND("R@10",B8)+5,5) -> 0.263 | F8: =VALUE(MID(B8,FIND("(n=",B8)+3,FIND(")",B8,FIND("(n=",B8))-FIND("(n=",B8)-3)) -> 152 | G8: =VALUE(C8) -> 0.072 | H8: =VALUE(D8) -> 0.197 | I8: =VALUE(E8) -> 0.263
A9: HOME | B9: R@1=0.121 (n=306) R@5=0.363 (n=306) R@10=0.474 (n=306) | C9: =MID(B9,FIND("R@1",B9)+4,5) -> 0.121 | D9: =MID(B9,FIND("R@5",B9)+4,5) -> 0.363 | E9: =MID(B9,FIND("R@10",B9)+5,5) -> 0.474 | F9: =VALUE(MID(B9,FIND("(n=",B9)+3,FIND(")",B9,FIND("(n=",B9))-FIND("(n=",B9)-3)) -> 306 | G9: =VALUE(C9) -> 0.121 | H9: =VALUE(D9) -> 0.363 | I9: =VALUE(E9) -> 0.474
A10: SPORTING_GOODS | B10: R@1=0.303 (n=76) R@5=0.566 (n=76) R@10=0.711 (n=76) | C10: =MID(B10,FIND("R@1",B10)+4,5) -> 0.303 | D10: =MID(B10,FIND("R@5",B10)+4,5) -> 0.566 | E10: =MID(B10,FIND("R@10",B10)+5,5) -> 0.711 | F10: =VALUE(MID(B10,FIND("(n=",B10)+3,FIND(")",B10,FIND("(n=",B10))-FIND("(n=",B10)-3)) -> 76 | G10: =VALUE(C10) -> 0.303 | H10: =VALUE(D10) -> 0.566 | I10: =VALUE(E10) -> 0.711
A11: KITCHEN | B11: R@1=0.202 (n=84) R@5=0.512 (n=84) R@10=0.679 (n=84) | C11: =MID(B11,FIND("R@1",B11)+4,5) -> 0.202 | D11: =MID(B11,FIND("R@5",B11)+4,5) -> 0.512 | E11: =MID(B11,FIND("R@10",B11)+5,5) -> 0.679 | F11: =VALUE(MID(B11,FIND("(n=",B11)+3,FIND(")",B11,FIND("(n=",B11))-FIND("(n=",B11)-3)) -> 84 | G11: =VALUE(C11) -> 0.202 | H11: =VALUE(D11) -> 0.512 | I11: =VALUE(E11) -> 0.679
A12: HOME_FURNITURE_AND_DECOR | B12: R@1=0.121 (n=198) R@5=0.258 (n=198) R@10=0.348 (n=198) | C12: =MID(B12,FIND("R@1",B12)+4,5) -> 0.121 | D12: =MID(B12,FIND("R@5",B12)+4,5) -> 0.258 | E12: =MID(B12,FIND("R@10",B12)+5,5) -> 0.348 | F12: =VALUE(MID(B12,FIND("(n=",B12)+3,FIND(")",B12,FIND("(n=",B12))-FIND("(n=",B12)-3)) -> 198 | G12: =VALUE(C12) -> 0.121 | H12: =VALUE(D12) -> 0.258 | I12: =VALUE(E12) -> 0.348
A13: FINENECKLACEBRACELETANKLET | B13: R@1=0.184 (n=163) R@5=0.393 (n=163) R@10=0.528 (n=163) | C13: =MID(B13,FIND("R@1",B13)+4,5) -> 0.184 | D13: =MID(B13,FIND("R@5",B13)+4,5) -> 0.393 | E13: =MID(B13,FIND("R@10",B13)+5,5) -> 0.528 | F13: =VALUE(MID(B13,FIND("(n=",B13)+3,FIND(")",B13,FIND("(n=",B13))-FIND("(n=",B13)-3)) -> 163 | G13: =VALUE(C13) -> 0.184 | H13: =VALUE(D13) -> 0.393 | I13: =VALUE(E13) -> 0.528
... A30: HARDWARE_HANDLE | B30: R@1=0.069 (n=72) R@5=0.264 (n=72) R@10=0.403 (n=72) | C30: =MID(B30,FIND("R@1",B30)+4,5) -> 0.069 | D30: =MID(B30,FIND("R@5",B30)+4,5) -> 0.264 | E30: =MID(B30,FIND("R@10",B30)+5,5) -> 0.403 | F30: =VALUE(MID(B30,FIND("(n=",B30)+3,FIND(")",B30,FIND("(n=",B30))-FIND("(n=",B30)-3)) -> 72 | G30: =VALUE(C30) -> 0.069 | H30: =VALUE(D30) -> 0.264 | I30: =VALUE(E30) -> 0.403
A33: Average Score
A34: recall_1 | B34: 0.1715
A35: recall_5 | B35: 0.4131
A36: recall_10 | B36: 0.5235

Sheet Text2Image_Base
C1: recall_1 | D1: recall_5 | E1: recall_10 | F1: n | G1: recall_1_num | H1: recall_5_num | I1: recall_10_num
A2: BEAUTY | B2: R@1=0.234 (n=64) R@5=0.375 (n=64) R@10=0.469 (n=64) | C2: =MID(B2,FIND("R@1",B2)+4,5) -> 0.234 | D2: =MID(B2,FIND("R@5",B2)+4,5) -> 0.375 | E2: =MID(B2,FIND("R@10",B2)+5,5) -> 0.469 | F2: =VALUE(MID(B2,FIND("(n=",B2)+3,FIND(")",B2,FIND("(n=",B2))-FIND("(n=",B2)-3)) -> 64 | G2: =VALUE(C2) -> 0.234 | H2: =VALUE(D2) -> 0.375 | I2: =VALUE(E2) -> 0.469
A3: OFFICE_PRODUCTS | B3: R@1=0.129 (n=85) R@5=0.400 (n=85) R@10=0.518 (n=85) | C3: =MID(B3,FIND("R@1",B3)+4,5) -> 0.129 | D3: =MID(B3,FIND("R@5",B3)+4,5) -> 0.400 | E3: =MID(B3,FIND("R@10",B3)+5,5) -> 0.518 | F3: =VALUE(MID(B3,FIND("(n=",B3)+3,FIND(")",B3,FIND("(n=",B3))-FIND("(n=",B3)-3)) -> 85 | G3: =VALUE(C3) -> 0.129 | H3: =VALUE(D3) -> 0.4 | I3: =VALUE(E3) -> 0.518
A4: BOOT | B4: R@1=0.070 (n=71) R@5=0.254 (n=71) R@10=0.338 (n=71) | C4: =MID(B4,FIND("R@1",B4)+4,5) -> 0.070 | D4: =MID(B4,FIND("R@5",B4)+4,5) -> 0.254 | E4: =MID(B4,FIND("R@10",B4)+5,5) -> 0.338 | F4: =VALUE(MID(B4,FIND("(n=",B4)+3,FIND(")",B4,FIND("(n=",B4))-FIND("(n=",B4)-3)) -> 71 | G4: =VALUE(C4) -> 0.07 | H4: =VALUE(D4) -> 0.254 | I4: =VALUE(E4) -> 0.338
A5: SHOES | B5: R@1=0.049 (n=963) R@5=0.128 (n=963) R@10=0.188 (n=963) | C5: =MID(B5,FIND("R@1",B5)+4,5) -> 0.049 | D5: =MID(B5,FIND("R@5",B5)+4,5) -> 0.128 | E5: =MID(B5,FIND("R@10",B5)+5,5) -> 0.188 | F5: =VALUE(MID(B5,FIND("(n=",B5)+3,FIND(")",B5,FIND("(n=",B5))-FIND("(n=",B5)-3)) -> 963 | G5: =VALUE(C5) -> 0.049 | H5: =VALUE(D5) -> 0.128 | I5: =VALUE(E5) -> 0.188
A6: GROCERY | B6: R@1=0.213 (n=923) R@5=0.457 (n=923) R@10=0.563 (n=923) | C6: =MID(B6,FIND("R@1",B6)+4,5) -> 0.213 | D6: =MID(B6,FIND("R@5",B6)+4,5) -> 0.457 | E6: =MID(B6,FIND("R@10",B6)+5,5) -> 0.563 | F6: =VALUE(MID(B6,FIND("(n=",B6)+3,FIND(")",B6,FIND("(n=",B6))-FIND("(n=",B6)-3)) -> 923 | G6: =VALUE(C6) -> 0.213 | H6: =VALUE(D6) -> 0.457 | I6: =VALUE(E6) -> 0.563
A7: ACCESSORY | B7: R@1=0.224 (n=67) R@5=0.582 (n=67) R@10=0.731 (n=67) | C7: =MID(B7,FIND("R@1",B7)+4,5) -> 0.224 | D7: =MID(B7,FIND("R@5",B7)+4,5) -> 0.582 | E7: =MID(B7,FIND("R@10",B7)+5,5) -> 0.731 | F7: =VALUE(MID(B7,FIND("(n=",B7)+3,FIND(")",B7,FIND("(n=",B7))-FIND("(n=",B7)-3)) -> 67 | G7: =VALUE(C7) -> 0.224 | H7: =VALUE(D7) -> 0.582 | I7: =VALUE(E7) -> 0.731
A8: RUG | B8: R@1=0.026 (n=152) R@5=0.072 (n=152) R@10=0.079 (n=152) | C8: =MID(B8,FIND("R@1",B8)+4,5) -> 0.026 | D8: =MID(B8,FIND("R@5",B8)+4,5) -> 0.072 | E8: =MID(B8,FIND("R@10",B8)+5,5) -> 0.079 | F8: =VALUE(MID(B8,FIND("(n=",B8)+3,FIND(")",B8,FIND("(n=",B8))-FIND("(n=",B8)-3)) -> 152 | G8: =VALUE(C8) -> 0.026 | H8: =VALUE(D8) -> 0.072 | I8: =VALUE(E8) -> 0.079
A9: HOME | B9: R@1=0.111 (n=306) R@5=0.268 (n=306) R@10=0.373 (n=306) | C9: =MID(B9,FIND("R@1",B9)+4,5) -> 0.111 | D9: =MID(B9,FIND("R@5",B9)+4,5) -> 0.268 | E9: =MID(B9,FIND("R@10",B9)+5,5) -> 0.373 | F9: =VALUE(MID(B9,FIND("(n=",B9)+3,FIND(")",B9,FIND("(n=",B9))-FIND("(n=",B9)-3)) -> 306 | G9: =VALUE(C9) -> 0.111 | H9: =VALUE(D9) -> 0.268 | I9: =VALUE(E9) -> 0.373
A10: SPORTING_GOODS | B10: R@1=0.250 (n=76) R@5=0.474 (n=76) R@10=0.566 (n=76) | C10: =MID(B10,FIND("R@1",B10)+4,5) -> 0.250 | D10: =MID(B10,FIND("R@5",B10)+4,5) -> 0.474 | E10: =MID(B10,FIND("R@10",B10)+5,5) -> 0.566 | F10: =VALUE(MID(B10,FIND("(n=",B10)+3,FIND(")",B10,FIND("(n=",B10))-FIND("(n=",B10)-3)) -> 76 | G10: =VALUE(C10) -> 0.25 | H10: =VALUE(D10) -> 0.474 | I10: =VALUE(E10) -> 0.566
A11: KITCHEN | B11: R@1=0.155 (n=84) R@5=0.488 (n=84) R@10=0.619 (n=84) | C11: =MID(B11,FIND("R@1",B11)+4,5) -> 0.155 | D11: =MID(B11,FIND("R@5",B11)+4,5) -> 0.488 | E11: =MID(B11,FIND("R@10",B11)+5,5) -> 0.619 | F11: =VALUE(MID(B11,FIND("(n=",B11)+3,FIND(")",B11,FIND("(n=",B11))-FIND("(n=",B11)-3)) -> 84 | G11: =VALUE(C11) -> 0.155 | H11: =VALUE(D11) -> 0.488 | I11: =VALUE(E11) -> 0.619
A12: HOME_FURNITURE_AND_DECOR | B12: R@1=0.111 (n=198) R@5=0.187 (n=198) R@10=0.263 (n=198) | C12: =MID(B12,FIND("R@1",B12)+4,5) -> 0.111 | D12: =MID(B12,FIND("R@5",B12)+4,5) -> 0.187 | E12: =MID(B12,FIND("R@10",B12)+5,5) -> 0.263 | F12: =VALUE(MID(B12,FIND("(n=",B12)+3,FIND(")",B12,FIND("(n=",B12))-FIND("(n=",B12)-3)) -> 198 | G12: =VALUE(C12) -> 0.111 | H12: =VALUE(D12) -> 0.187 | I12: =VALUE(E12) -> 0.263
A13: FINENECKLACEBRACELETANKLET | B13: R@1=0.178 (n=163) R@5=0.368 (n=163) R@10=0.485 (n=163) | C13: =MID(B13,FIND("R@1",B13)+4,5) -> 0.178 | D13: =MID(B13,FIND("R@5",B13)+4,5) -> 0.368 | E13: =MID(B13,FIND("R@10",B13)+5,5) -> 0.485 | F13: =VALUE(MID(B13,FIND("(n=",B13)+3,FIND(")",B13,FIND("(n=",B13))-FIND("(n=",B13)-3)) -> 163 | G13: =VALUE(C13) -> 0.178 | H13: =VALUE(D13) -> 0.368 | I13: =VALUE(E13) -> 0.485
... A30: HARDWARE_HANDLE | B30: R@1=0.056 (n=72) R@5=0.153 (n=72) R@10=0.236 (n=72) | C30: =MID(B30,FIND("R@1",B30)+4,5) -> 0.056 | D30: =MID(B30,FIND("R@5",B30)+4,5) -> 0.153 | E30: =MID(B30,FIND("R@10",B30)+5,5) -> 0.236 | F30: =VALUE(MID(B30,FIND("(n=",B30)+3,FIND(")",B30,FIND("(n=",B30))-FIND("(n=",B30)-3)) -> 72 | G30: =VALUE(C30) -> 0.056 | H30: =VALUE(D30) -> 0.153 | I30: =VALUE(E30) -> 0.236
A33: Average Score
A34: recall_1 | B34: 0.1307
A35: recall_5 | B35: 0.3112
A36: recall_10 | B36: 0.4011

Sheet Image2Text_Base
C1: recall_1 | D1: recall_5 | E1: recall_10 | F1: n | G1: recall_1_num | H1: recall_5_num | I1: recall_10_num
A2: BEAUTY | B2: R@1=0.141 (n=64) R@5=0.250 (n=64) R@10=0.359 (n=64) | C2: =MID(B2,FIND("R@1",B2)+4,5) -> 0.141 | D2: =MID(B2,FIND("R@5",B2)+4,5) -> 0.250 | E2: =MID(B2,FIND("R@10",B2)+5,5) -> 0.359 | F2: =VALUE(MID(B2,FIND("(n=",B2)+3,FIND(")",B2,FIND("(n=",B2))-FIND("(n=",B2)-3)) -> 64 | G2: =VALUE(C2) -> 0.141 | H2: =VALUE(D2) -> 0.25 | I2: =VALUE(E2) -> 0.359
A3: OFFICE_PRODUCTS | B3: R@1=0.129 (n=85) R@5=0.259 (n=85) R@10=0.376 (n=85) | C3: =MID(B3,FIND("R@1",B3)+4,5) -> 0.129 | D3: =MID(B3,FIND("R@5",B3)+4,5) -> 0.259 | E3: =MID(B3,FIND("R@10",B3)+5,5) -> 0.376 | F3: =VALUE(MID(B3,FIND("(n=",B3)+3,FIND(")",B3,FIND("(n=",B3))-FIND("(n=",B3)-3)) -> 85 | G3: =VALUE(C3) -> 0.129 | H3: =VALUE(D3) -> 0.259 | I3: =VALUE(E3) -> 0.376
A4: BOOT | B4: R@1=0.099 (n=71) R@5=0.225 (n=71) R@10=0.268 (n=71) | C4: =MID(B4,FIND("R@1",B4)+4,5) -> 0.099 | D4: =MID(B4,FIND("R@5",B4)+4,5) -> 0.225 | E4: =MID(B4,FIND("R@10",B4)+5,5) -> 0.268 | F4: =VALUE(MID(B4,FIND("(n=",B4)+3,FIND(")",B4,FIND("(n=",B4))-FIND("(n=",B4)-3)) -> 71 | G4: =VALUE(C4) -> 0.099 | H4: =VALUE(D4) -> 0.225 | I4: =VALUE(E4) -> 0.268
A5: SHOES | B5: R@1=0.040 (n=963) R@5=0.129 (n=963) R@10=0.177 (n=963) | C5: =MID(B5,FIND("R@1",B5)+4,5) -> 0.040 | D5: =MID(B5,FIND("R@5",B5)+4,5) -> 0.129 | E5: =MID(B5,FIND("R@10",B5)+5,5) -> 0.177 | F5: =VALUE(MID(B5,FIND("(n=",B5)+3,FIND(")",B5,FIND("(n=",B5))-FIND("(n=",B5)-3)) -> 963 | G5: =VALUE(C5) -> 0.04 | H5: =VALUE(D5) -> 0.129 | I5: =VALUE(E5) -> 0.177
A6: GROCERY | B6: R@1=0.308 (n=923) R@5=0.644 (n=923) R@10=0.758 (n=923) | C6: =MID(B6,FIND("R@1",B6)+4,5) -> 0.308 | D6: =MID(B6,FIND("R@5",B6)+4,5) -> 0.644 | E6: =MID(B6,FIND("R@10",B6)+5,5) -> 0.758 | F6: =VALUE(MID(B6,FIND("(n=",B6)+3,FIND(")",B6,FIND("(n=",B6))-FIND("(n=",B6)-3)) -> 923 | G6: =VALUE(C6) -> 0.308 | H6: =VALUE(D6) -> 0.644 | I6: =VALUE(E6) -> 0.758
A7: ACCESSORY | B7: R@1=0.209 (n=67) R@5=0.567 (n=67) R@10=0.746 (n=67) | C7: =MID(B7,FIND("R@1",B7)+4,5) -> 0.209 | D7: =MID(B7,FIND("R@5",B7)+4,5) -> 0.567 | E7: =MID(B7,FIND("R@10",B7)+5,5) -> 0.746 | F7: =VALUE(MID(B7,FIND("(n=",B7)+3,FIND(")",B7,FIND("(n=",B7))-FIND("(n=",B7)-3)) -> 67 | G7: =VALUE(C7) -> 0.209 | H7: =VALUE(D7) -> 0.567 | I7: =VALUE(E7) -> 0.746
A8: RUG | B8: R@1=0.026 (n=152) R@5=0.079 (n=152) R@10=0.151 (n=152) | C8: =MID(B8,FIND("R@1",B8)+4,5) -> 0.026 | D8: =MID(B8,FIND("R@5",B8)+4,5) -> 0.079 | E8: =MID(B8,FIND("R@10",B8)+5,5) -> 0.151 | F8: =VALUE(MID(B8,FIND("(n=",B8)+3,FIND(")",B8,FIND("(n=",B8))-FIND("(n=",B8)-3)) -> 152 | G8: =VALUE(C8) -> 0.026 | H8: =VALUE(D8) -> 0.079 | I8: =VALUE(E8) -> 0.151
A9: HOME | B9: R@1=0.127 (n=306) R@5=0.304 (n=306) R@10=0.392 (n=306) | C9: =MID(B9,FIND("R@1",B9)+4,5) -> 0.127 | D9: =MID(B9,FIND("R@5",B9)+4,5) -> 0.304 | E9: =MID(B9,FIND("R@10",B9)+5,5) -> 0.392 | F9: =VALUE(MID(B9,FIND("(n=",B9)+3,FIND(")",B9,FIND("(n=",B9))-FIND("(n=",B9)-3)) -> 306 | G9: =VALUE(C9) -> 0.127 | H9: =VALUE(D9) -> 0.304 | I9: =VALUE(E9) -> 0.392
A10: SPORTING_GOODS | B10: R@1=0.158 (n=76) R@5=0.382 (n=76) R@10=0.526 (n=76) | C10: =MID(B10,FIND("R@1",B10)+4,5) -> 0.158 | D10: =MID(B10,FIND("R@5",B10)+4,5) -> 0.382 | E10: =MID(B10,FIND("R@10",B10)+5,5) -> 0.526 | F10: =VALUE(MID(B10,FIND("(n=",B10)+3,FIND(")",B10,FIND("(n=",B10))-FIND("(n=",B10)-3)) -> 76 | G10: =VALUE(C10) -> 0.158 | H10: =VALUE(D10) -> 0.382 | I10: =VALUE(E10) -> 0.526
A11: KITCHEN | B11: R@1=0.095 (n=84) R@5=0.452 (n=84) R@10=0.607 (n=84) | C11: =MID(B11,FIND("R@1",B11)+4,5) -> 0.095 | D11: =MID(B11,FIND("R@5",B11)+4,5) -> 0.452 | E11: =MID(B11,FIND("R@10",B11)+5,5) -> 0.607 | F11: =VALUE(MID(B11,FIND("(n=",B11)+3,FIND(")",B11,FIND("(n=",B11))-FIND("(n=",B11)-3)) -> 84 | G11: =VALUE(C11) -> 0.095 | H11: =VALUE(D11) -> 0.452 | I11: =VALUE(E11) -> 0.607
A12: HOME_FURNITURE_AND_DECOR | B12: R@1=0.091 (n=198) R@5=0.177 (n=198) R@10=0.253 (n=198) | C12: =MID(B12,FIND("R@1",B12)+4,5) -> 0.091 | D12: =MID(B12,FIND("R@5",B12)+4,5) -> 0.177 | E12: =MID(B12,FIND("R@10",B12)+5,5) -> 0.253 | F12: =VALUE(MID(B12,FIND("(n=",B12)+3,FIND(")",B12,FIND("(n=",B12))-FIND("(n=",B12)-3)) -> 198 | G12: =VALUE(C12) -> 0.091 | H12: =VALUE(D12) -> 0.177 | I12: =VALUE(E12) -> 0.253
A13: FINENECKLACEBRACELETANKLET | B13: R@1=0.196 (n=163) R@5=0.368 (n=163) R@10=0.491 (n=163) | C13: =MID(B13,FIND("R@1",B13)+4,5) -> 0.196 | D13: =MID(B13,FIND("R@5",B13)+4,5) -> 0.368 | E13: =MID(B13,FIND("R@10",B13)+5,5) -> 0.491 | F13: =VALUE(MID(B13,FIND("(n=",B13)+3,FIND(")",B13,FIND("(n=",B13))-FIND("(n=",B13)-3)) -> 163 | G13: =VALUE(C13) -> 0.196 | H13: =VALUE(D13) -> 0.368 | I13: =VALUE(E13) -> 0.491
... A30: HARDWARE_HANDLE | B30: R@1=0.028 (n=72) R@5=0.056 (n=72) R@10=0.083 (n=72) | C30: =MID(B30,FIND("R@1",B30)+4,5) -> 0.028 | D30: =MID(B30,FIND("R@5",B30)+4,5) -> 0.056 | E30: =MID(B30,FIND("R@10",B30)+5,5) -> 0.083 | F30: =VALUE(MID(B30,FIND("(n=",B30)+3,FIND(")",B30,FIND("(n=",B30))-FIND("(n=",B30)-3)) -> 72 | G30: =VALUE(C30) -> 0.028 | H30: =VALUE(D30) -> 0.056 | I30: =VALUE(E30) -> 0.083
A33: Average Score
A34: recall_1 | B34: 0.1219
A35: recall_5 | B35: 0.2932
A36: recall_10 | B36: 0.3811

Sheet Delta_Analysis
A1: Product | B1: T2I_Base_R1 | C1: T2I_FT_R1 | D1: T2I_Delta_R1 | E1: T2I_PctChg_R1 | F1: T2I_Base_R5 | G1: T2I_FT_R5 | H1: T2I_Delta_R5 | I1: T2I_PctChg_R5 | J1: T2I_Base_R10 | K1: T2I_FT_R10 | L1: T2I_Delta_R10 | M1: T2I_PctChg_R10 | N1: I2T_Base_R1 | O1: I2T_FT_R1 | P1: I2T_Delta_R1 | Q1: I2T_PctChg_R1 | R1: I2T_Base_R5 | S1: I2T_FT_R5 | T1: I2T_Delta_R5 | U1: I2T_PctChg_R5 | V1: I2T_Base_R10 | W1: I2T_FT_R10 | X1: I2T_Delta_R10 | Y1: I2T_PctChg_R10 | Z1: n | AA1: Flag_T2I_R10 | AB1: Flag_I2T_R10 | AC1: Low_N_Flag
A2: =Text2Image_Base!A2 -> BEAUTY | B2: =Text2Image_Base!G2 -> 0.234 | C2: =Text2Image_FT!G2 -> 0.266 | D2: =C2-B2 -> 0.032 | E2: =IFERROR(D2/B2,"") -> 0.13675214 | F2: =Text2Image_Base!H2 -> 0.375 | G2: =Text2Image_FT!H2 -> 0.469 | H2: =G2-F2 -> 0.094 | I2: =IFERROR(H2/F2,"") -> 0.25066667 | J2: =Text2Image_Base!I2 -> 0.469 | K2: =Text2Image_FT!I2 -> 0.609 | L2: =K2-J2 -> 0.14 | M2: =IFERROR(L2/J2,"") -> 0.29850746 | N2: =Image2Text_Base!G2 -> 0.141 | O2: =Image2Text_FT!G2 -> 0.219 | P2: =O2-N2 -> 0.078 | Q2: =IFERROR(P2/N2,"") -> 0.55319149 | R2: =Image2Text_Base!H2 -> 0.25 | S2: =Image2Text_FT!H2 -> 0.438 | T2: =S2-R2 -> 0.188 | U2: =IFERROR(T2/R2,"") -> 0.752 | V2: =Image2Text_Base!I2 -> 0.359 | W2: =Image2Text_FT!I2 -> 0.609 | X2: =W2-V2 -> 0.25 | Y2: =IFERROR(X2/V2,"") -> 0.69637883 | Z2: =Text2Image_Base!F2 -> 64 | AA2: =IF(L2>=0.15,"Strong Improvement",IF(L2>=0.05,"Moderate Improvement",IF(L2>=-0.02,"Marginal/Flat","Regressed"))) -> Moderate Improvement | AB2: =IF(X2>=0.15,"Strong Improvement",IF(X2>=0.05,"Moderate Improvement",IF(X2>=-0.02,"Marginal/Flat","Regressed"))) -> Strong Improvement | AC2: =IF(Z2<70,"Low N (<70)","") -> Low N (<70)
A3: =Text2Image_Base!A3 -> OFFICE_PRODUCTS | B3: =Text2Image_Base!G3 -> 0.129 | C3: =Text2Image_FT!G3 -> 0.141 | D3: =C3-B3 -> 0.012 | E3: =IFERROR(D3/B3,"") -> 0.093023256 | F3: =Text2Image_Base!H3 -> 0.4 | G3: =Text2Image_FT!H3 -> 0.4 | H3: =G3-F3 -> 0 | I3: =IFERROR(H3/F3,"") -> 0 | J3: =Text2Image_Base!I3 -> 0.518 | K3: =Text2Image_FT!I3 -> 0.506 | L3: =K3-J3 -> -0.012 | M3: =IFERROR(L3/J3,"") -> -0.023166023 | N3: =Image2Text_Base!G3 -> 0.129 | O3: =Image2Text_FT!G3 -> 0.165 | P3: =O3-N3 -> 0.036 | Q3: =IFERROR(P3/N3,"") -> 0.27906977 | R3: =Image2Text_Base!H3 -> 0.259 | S3: =Image2Text_FT!H3 -> 0.412 | T3: =S3-R3 -> 0.153 | U3: =IFERROR(T3/R3,"") -> 0.59073359 | V3: =Image2Text_Base!I3 -> 0.376 | W3: =Image2Text_FT!I3 -> 0.553 | X3: =W3-V3 -> 0.177 | Y3: =IFERROR(X3/V3,"") -> 0.47074468 | Z3: =Text2Image_Base!F3 -> 85 | AA3: =IF(L3>=0.15,"Strong Improvement",IF(L3>=0.05,"Moderate Improvement",IF(L3>=-0.02,"Marginal/Flat","Regressed"))) -> Marginal/Flat | AB3: =IF(X3>=0.15,"Strong Improvement",IF(X3>=0.05,"Moderate Improvement",IF(X3>=-0.02,"Marginal/Flat","Regressed"))) -> Strong Improvement | AC3: =IF(Z3<70,"Low N (<70)","")
A4: =Text2Image_Base!A4 -> BOOT | B4: =Text2Image_Base!G4 -> 0.07 | C4: =Text2Image_FT!G4 -> 0.099 | D4: =C4-B4 -> 0.029 | E4: =IFERROR(D4/B4,"") -> 0.41428571 | F4: =Text2Image_Base!H4 -> 0.254 | G4: =Text2Image_FT!H4 -> 0.296 | H4: =G4-F4 -> 0.042 | I4: =IFERROR(H4/F4,"") -> 0.16535433 | J4: =Text2Image_Base!I4 -> 0.338 | K4: =Text2Image_FT!I4 -> 0.423 | L4: =K4-J4 -> 0.085 | M4: =IFERROR(L4/J4,"") -> 0.25147929 | N4: =Image2Text_Base!G4 -> 0.099 | O4: =Image2Text_FT!G4 -> 0.099 | P4: =O4-N4 -> 0 | Q4: =IFERROR(P4/N4,"") -> 0 | R4: =Image2Text_Base!H4 -> 0.225 | S4: =Image2Text_FT!H4 -> 0.282 | T4: =S4-R4 -> 0.057 | U4: =IFERROR(T4/R4,"") -> 0.25333333 | V4: =Image2Text_Base!I4 -> 0.268 | W4: =Image2Text_FT!I4 -> 0.366 | X4: =W4-V4 -> 0.098 | Y4: =IFERROR(X4/V4,"") -> 0.36567164 | Z4: =Text2Image_Base!F4 -> 71 | AA4: =IF(L4>=0.15,"Strong Improvement",IF(L4>=0.05,"Moderate Improvement",IF(L4>=-0.02,"Marginal/Flat","Regressed"))) -> Moderate Improvement | AB4: =IF(X4>=0.15,"Strong Improvement",IF(X4>=0.05,"Moderate Improvement",IF(X4>=-0.02,"Marginal/Flat","Regressed"))) -> Moderate Improvement | AC4: =IF(Z4<70,"Low N (<70)","")
A5: =Text2Image_Base!A5 -> SHOES | B5: =Text2Image_Base!G5 -> 0.049 | C5: =Text2Image_FT!G5 -> 0.069 | D5: =C5-B5 -> 0.02 | E5: =IFERROR(D5/B5,"") -> 0.40816327 | F5: =Text2Image_Base!H5 -> 0.128 | G5: =Text2Image_FT!H5 -> 0.227 | H5: =G5-F5 -> 0.099 | I5: =IFERROR(H5/F5,"") -> 0.7734375 | J5: =Text2Image_Base!I5 -> 0.188 | K5: =Text2Image_FT!I5 -> 0.325 | L5: =K5-J5 -> 0.137 | M5: =IFERROR(L5/J5,"") -> 0.7287234 | N5: =Image2Text_Base!G5 -> 0.04 | O5: =Image2Text_FT!G5 -> 0.073 | P5: =O5-N5 -> 0.033 | Q5: =IFERROR(P5/N5,"") -> 0.825 | R5: =Image2Text_Base!H5 -> 0.129 | S5: =Image2Text_FT!H5 -> 0.242 | T5: =S5-R5 -> 0.113 | U5: =IFERROR(T5/R5,"") -> 0.87596899 | V5: =Image2Text_Base!I5 -> 0.177 | W5: =Image2Text_FT!I5 -> 0.349 | X5: =W5-V5 -> 0.172 | Y5: =IFERROR(X5/V5,"") -> 0.97175141 | Z5: =Text2Image_Base!F5 -> 963 | AA5: =IF(L5>=0.15,"Strong Improvement",IF(L5>=0.05,"Moderate Improvement",IF(L5>=-0.02,"Marginal/Flat","Regressed"))) -> Moderate Improvement | AB5: =IF(X5>=0.15,"Strong Improvement",IF(X5>=0.05,"Moderate Improvement",IF(X5>=-0.02,"Marginal/Flat","Regressed"))) -> Strong Improvement | AC5: =IF(Z5<70,"Low N (<70)","")
A6: =Text2Image_Base!A6 -> GROCERY | B6: =Text2Image_Base!G6 -> 0.213 | C6: =Text2Image_FT!G6 -> 0.444 | D6: =C6-B6 -> 0.231 | E6: =IFERROR(D6/B6,"") -> 1.084507 | F6: =Text2Image_Base!H6 -> 0.457 | G6: =Text2Image_FT!H6 -> 0.781 | H6: =G6-F6 -> 0.324 | I6: =IFERROR(H6/F6,"") -> 0.70897155 | J6: =Text2Image_Base!I6 -> 0.563 | K6: =Text2Image_FT!I6 -> 0.863 | L6: =K6-J6 -> 0.3 | M6: =IFERROR(L6/J6,"") -> 0.53285968 | N6: =Image2Text_Base!G6 -> 0.308 | O6: =Image2Text_FT!G6 -> 0.377 | P6: =O6-N6 -> 0.069 | Q6: =IFERROR(P6/N6,"") -> 0.22402597 | R6: =Image2Text_Base!H6 -> 0.644 | S6: =Image2Text_FT!H6 -> 0.735 | T6: =S6-R6 -> 0.091 | U6: =IFERROR(T6/R6,"") -> 0.14130435 | V6: =Image2Text_Base!I6 -> 0.758 | W6: =Image2Text_FT!I6 -> 0.844 | X6: =W6-V6 -> 0.086 | Y6: =IFERROR(X6/V6,"") -> 0.11345646 | Z6: =Text2Image_Base!F6 -> 923 | AA6: =IF(L6>=0.15,"Strong Improvement",IF(L6>=0.05,"Moderate Improvement",IF(L6>=-0.02,"Marginal/Flat","Regressed"))) -> Strong Improvement | AB6: =IF(X6>=0.15,"Strong Improvement",IF(X6>=0.05,"Moderate Improvement",IF(X6>=-0.02,"Marginal/Flat","Regressed"))) -> Moderate Improvement | AC6: =IF(Z6<70,"Low N (<70)","")
A7: =Text2Image_Base!A7 -> ACCESSORY | B7: =Text2Image_Base!G7 -> 0.224 | C7: =Text2Image_FT!G7 -> 0.164 | D7: =C7-B7 -> -0.06 | E7: =IFERROR(D7/B7,"") -> -0.26785714 | F7: =Text2Image_Base!H7 -> 0.582 | G7: =Text2Image_FT!H7 -> 0.537 | H7: =G7-F7 -> -0.045 | I7: =IFERROR(H7/F7,"") -> -0.077319588 | J7: =Text2Image_Base!I7 -> 0.731 | K7: =Text2Image_FT!I7 -> 0.716 | L7: =K7-J7 -> -0.015 | M7: =IFERROR(L7/J7,"") -> -0.020519836 | N7: =Image2Text_Base!G7 -> 0.209 | O7: =Image2Text_FT!G7 -> 0.239 | P7: =O7-N7 -> 0.03 | Q7: =IFERROR(P7/N7,"") -> 0.14354067 | R7: =Image2Text_Base!H7 -> 0.567 | S7: =Image2Text_FT!H7 -> 0.612 | T7: =S7-R7 -> 0.045 | U7: =IFERROR(T7/R7,"") -> 0.079365079 | V7: =Image2Text_Base!I7 -> 0.746 | W7: =Image2Text_FT!I7 -> 0.791 | X7: =W7-V7 -> 0.045 | Y7: =IFERROR(X7/V7,"") -> 0.060321716 | Z7: =Text2Image_Base!F7 -> 67 | AA7: =IF(L7>=0.15,"Strong Improvement",IF(L7>=0.05,"Moderate Improvement",IF(L7>=-0.02,"Marginal/Flat","Regressed"))) -> Marginal/Flat | AB7: =IF(X7>=0.15,"Strong Improvement",IF(X7>=0.05,"Moderate Improvement",IF(X7>=-0.02,"Marginal/Flat","Regressed"))) -> Marginal/Flat | AC7: =IF(Z7<70,"Low N (<70)","") -> Low N (<70)
A8: =Text2Image_Base!A8 -> RUG | B8: =Text2Image_Base!G8 -> 0.026 | C8: =Text2Image_FT!G8 -> 0.053 | D8: =C8-B8 -> 0.027 | E8: =IFERROR(D8/B8,"") -> 1.0384615 | F8: =Text2Image_Base!H8 -> 0.072 | G8: =Text2Image_FT!H8 -> 0.171 | H8: =G8-F8 -> 0.099 | I8: =IFERROR(H8/F8,"") -> 1.375 | J8: =Text2Image_Base!I8 -> 0.079 | K8: =Text2Image_FT!I8 -> 0.23 | L8: =K8-J8 -> 0.151 | M8: =IFERROR(L8/J8,"") -> 1.9113924 | N8: =Image2Text_Base!G8 -> 0.026 | O8: =Image2Text_FT!G8 -> 0.072 | P8: =O8-N8 -> 0.046 | Q8: =IFERROR(P8/N8,"") -> 1.7692308 | R8: =Image2Text_Base!H8 -> 0.079 | S8: =Image2Text_FT!H8 -> 0.197 | T8: =S8-R8 -> 0.118 | U8: =IFERROR(T8/R8,"") -> 1.4936709 | V8: =Image2Text_Base!I8 -> 0.151 | W8: =Image2Text_FT!I8 -> 0.263 | X8: =W8-V8 -> 0.112 | Y8: =IFERROR(X8/V8,"") -> 0.74172185 | Z8: =Text2Image_Base!F8 -> 152 | AA8: =IF(L8>=0.15,"Strong Improvement",IF(L8>=0.05,"Moderate Improvement",IF(L8>=-0.02,"Marginal/Flat","Regressed"))) -> Strong Improvement | AB8: =IF(X8>=0.15,"Strong Improvement",IF(X8>=0.05,"Moderate Improvement",IF(X8>=-0.02,"Marginal/Flat","Regressed"))) -> Moderate Improvement | AC8: =IF(Z8<70,"Low N (<70)","")
A9: =Text2Image_Base!A9 -> HOME | B9: =Text2Image_Base!G9 -> 0.111 | C9: =Text2Image_FT!G9 -> 0.15 | D9: =C9-B9 -> 0.039 | E9: =IFERROR(D9/B9,"") -> 0.35135135 | F9: =Text2Image_Base!H9 -> 0.268 | G9: =Text2Image_FT!H9 -> 0.402 | H9: =G9-F9 -> 0.134 | I9: =IFERROR(H9/F9,"") -> 0.5 | J9: =Text2Image_Base!I9 -> 0.373 | K9: =Text2Image_FT!I9 -> 0.51 | L9: =K9-J9 -> 0.137 | M9: =IFERROR(L9/J9,"") -> 0.36729223 | N9: =Image2Text_Base!G9 -> 0.127 | O9: =Image2Text_FT!G9 -> 0.121 | P9: =O9-N9 -> -0.006 | Q9: =IFERROR(P9/N9,"") -> -0.047244094 | R9: =Image2Text_Base!H9 -> 0.304 | S9: =Image2Text_FT!H9 -> 0.363 | T9: =S9-R9 -> 0.059 | U9: =IFERROR(T9/R9,"") -> 0.19407895 | V9: =Image2Text_Base!I9 -> 0.392 | W9: =Image2Text_FT!I9 -> 0.474 | X9: =W9-V9 -> 0.082 | Y9: =IFERROR(X9/V9,"") -> 0.20918367 | Z9: =Text2Image_Base!F9 -> 306 | AA9: =IF(L9>=0.15,"Strong Improvement",IF(L9>=0.05,"Moderate Improvement",IF(L9>=-0.02,"Marginal/Flat","Regressed"))) -> Moderate Improvement | AB9: =IF(X9>=0.15,"Strong Improvement",IF(X9>=0.05,"Moderate Improvement",IF(X9>=-0.02,"Marginal/Flat","Regressed"))) -> Moderate Improvement | AC9: =IF(Z9<70,"Low N (<70)","")
A10: =Text2Image_Base!A10 -> SPORTING_GOODS | B10: =Text2Image_Base!G10 -> 0.25 | C10: =Text2Image_FT!G10 -> 0.171 | D10: =C10-B10 -> -0.079 | E10: =IFERROR(D10/B10,"") -> -0.316 | F10: =Text2Image_Base!H10 -> 0.474 | G10: =Text2Image_FT!H10 -> 0.487 | H10: =G10-F10 -> 0.013 | I10: =IFERROR(H10/F10,"") -> 0.02742616 | J10: =Text2Image_Base!I10 -> 0.566 | K10: =Text2Image_FT!I10 -> 0.658 | L10: =K10-J10 -> 0.092 | M10: =IFERROR(L10/J10,"") -> 0.16254417 | N10: =Image2Text_Base!G10 -> 0.158 | O10: =Image2Text_FT!G10 -> 0.303 | P10: =O10-N10 -> 0.145 | Q10: =IFERROR(P10/N10,"") -> 0.91772152 | R10: =Image2Text_Base!H10 -> 0.382 | S10: =Image2Text_FT!H10 -> 0.566 | T10: =S10-R10 -> 0.184 | U10: =IFERROR(T10/R10,"") -> 0.48167539 | V10: =Image2Text_Base!I10 -> 0.526 | W10: =Image2Text_FT!I10 -> 0.711 | X10: =W10-V10 -> 0.185 | Y10: =IFERROR(X10/V10,"") -> 0.35171103 | Z10: =Text2Image_Base!F10 -> 76 | AA10: =IF(L10>=0.15,"Strong Improvement",IF(L10>=0.05,"Moderate Improvement",IF(L10>=-0.02,"Marginal/Flat","Regressed"))) -> Moderate Improvement | AB10: =IF(X10>=0.15,"Strong Improvement",IF(X10>=0.05,"Moderate Improvement",IF(X10>=-0.02,"Marginal/Flat","Regressed"))) -> Strong Improvement | AC10: =IF(Z10<70,"Low N (<70)","")
A11: =Text2Image_Base!A11 -> KITCHEN | B11: =Text2Image_Base!G11 -> 0.155 | C11: =Text2Image_FT!G11 -> 0.155 | D11: =C11-B11 -> 0 | E11: =IFERROR(D11/B11,"") -> 0 | F11: =Text2Image_Base!H11 -> 0.488 | G11: =Text2Image_FT!H11 -> 0.512 | H11: =G11-F11 -> 0.024 | I11: =IFERROR(H11/F11,"") -> 0.049180328 | J11: =Text2Image_Base!I11 -> 0.619 | K11: =Text2Image_FT!I11 -> 0.679 | L11: =K11-J11 -> 0.06 | M11: =IFERROR(L11/J11,"") -> 0.096930533 | N11: =Image2Text_Base!G11 -> 0.095 | O11: =Image2Text_FT!G11 -> 0.202 | P11: =O11-N11 -> 0.107 | Q11: =IFERROR(P11/N11,"") -> 1.1263158 | R11: =Image2Text_Base!H11 -> 0.452 | S11: =Image2Text_FT!H11 -> 0.512 | T11: =S11-R11 -> 0.06 | U11: =IFERROR(T11/R11,"") -> 0.13274336 | V11: =Image2Text_Base!I11 -> 0.607 | W11: =Image2Text_FT!I11 -> 0.679 | X11: =W11-V11 -> 0.072 | Y11: =IFERROR(X11/V11,"") -> 0.11861614 | Z11: =Text2Image_Base!F11 -> 84 | AA11: =IF(L11>=0.15,"Strong Improvement",IF(L11>=0.05,"Moderate Improvement",IF(L11>=-0.02,"Marginal/Flat","Regressed"))) -> Moderate Improvement | AB11: =IF(X11>=0.15,"Strong Improvement",IF(X11>=0.05,"Moderate Improvement",IF(X11>=-0.02,"Marginal/Flat","Regressed"))) -> Moderate Improvement | AC11: =IF(Z11<70,"Low N (<70)","")
A12: =Text2Image_Base!A12 -> HOME_FURNITURE_AND_DECOR | B12: =Text2Image_Base!G12 -> 0.111 | C12: =Text2Image_FT!G12 -> 0.116 | D12: =C12-B12 -> 0.005 | E12: =IFERROR(D12/B12,"") -> 0.045045045 | F12: =Text2Image_Base!H12 -> 0.187 | G12: =Text2Image_FT!H12 -> 0.298 | H12: =G12-F12 -> 0.111 | I12: =IFERROR(H12/F12,"") -> 0.59358289 | J12: =Text2Image_Base!I12 -> 0.263 | K12: =Text2Image_FT!I12 -> 0.424 | L12: =K12-J12 -> 0.161 | M12: =IFERROR(L12/J12,"") -> 0.6121673 | N12: =Image2Text_Base!G12 -> 0.091 | O12: =Image2Text_FT!G12 -> 0.121 | P12: =O12-N12 -> 0.03 | Q12: =IFERROR(P12/N12,"") -> 0.32967033 | R12: =Image2Text_Base!H12 -> 0.177 | S12: =Image2Text_FT!H12 -> 0.258 | T12: =S12-R12 -> 0.081 | U12: =IFERROR(T12/R12,"") -> 0.45762712 | V12: =Image2Text_Base!I12 -> 0.253 | W12: =Image2Text_FT!I12 -> 0.348 | X12: =W12-V12 -> 0.095 | Y12: =IFERROR(X12/V12,"") -> 0.37549407 | Z12: =Text2Image_Base!F12 -> 198 | AA12: =IF(L12>=0.15,"Strong Improvement",IF(L12>=0.05,"Moderate Improvement",IF(L12>=-0.02,"Marginal/Flat","Regressed"))) -> Strong Improvement | AB12: =IF(X12>=0.15,"Strong Improvement",IF(X12>=0.05,"Moderate Improvement",IF(X12>=-0.02,"Marginal/Flat","Regressed"))) -> Moderate Improvement | AC12: =IF(Z12<70,"Low N (<70)","")
A13: =Text2Image_Base!A13 -> FINENECKLACEBRACELETANKLET | B13: =Text2Image_Base!G13 -> 0.178 | C13: =Text2Image_FT!G13 -> 0.252 | D13: =C13-B13 -> 0.074 | E13: =IFERROR(D13/B13,"") -> 0.41573034 | F13: =Text2Image_Base!H13 -> 0.368 | G13: =Text2Image_FT!H13 -> 0.448 | H13: =G13-F13 -> 0.08 | I13: =IFERROR(H13/F13,"") -> 0.2173913 | J13: =Text2Image_Base!I13 -> 0.485 | K13: =Text2Image_FT!I13 -> 0.564 | L13: =K13-J13 -> 0.079 | M13: =IFERROR(L13/J13,"") -> 0.1628866 | N13: =Image2Text_Base!G13 -> 0.196 | O13: =Image2Text_FT!G13 -> 0.184 | P13: =O13-N13 -> -0.012 | Q13: =IFERROR(P13/N13,"") -> -0.06122449 | R13: =Image2Text_Base!H13 -> 0.368 | S13: =Image2Text_FT!H13 -> 0.393 | T13: =S13-R13 -> 0.025 | U13: =IFERROR(T13/R13,"") -> 0.067934783 | V13: =Image2Text_Base!I13 -> 0.491 | W13: =Image2Text_FT!I13 -> 0.528 | X13: =W13-V13 -> 0.037 | Y13: =IFERROR(X13/V13,"") -> 0.075356415 | Z13: =Text2Image_Base!F13 -> 163 | AA13: =IF(L13>=0.15,"Strong Improvement",IF(L13>=0.05,"Moderate Improvement",IF(L13>=-0.02,"Marginal/Flat","Regressed"))) -> Moderate Improvement | AB13: =IF(X13>=0.15,"Strong Improvement",IF(X13>=0.05,"Moderate Improvement",IF(X13>=-0.02,"Marginal/Flat","Regressed"))) -> Marginal/Flat | AC13: =IF(Z13<70,"Low N (<70)","")
... A30: =Text2Image_Base!A30 -> HARDWARE_HANDLE | B30: =Text2Image_Base!G30 -> 0.056 | C30: =Text2Image_FT!G30 -> 0.042 | D30: =C30-B30 -> -0.014 | E30: =IFERROR(D30/B30,"") -> -0.25 | F30: =Text2Image_Base!H30 -> 0.153 | G30: =Text2Image_FT!H30 -> 0.208 | H30: =G30-F30 -> 0.055 | I30: =IFERROR(H30/F30,"") -> 0.35947712 | J30: =Text2Image_Base!I30 -> 0.236 | K30: =Text2Image_FT!I30 -> 0.375 | L30: =K30-J30 -> 0.139 | M30: =IFERROR(L30/J30,"") -> 0.58898305 | N30: =Image2Text_Base!G30 -> 0.028 | O30: =Image2Text_FT!G30 -> 0.069 | P30: =O30-N30 -> 0.041 | Q30: =IFERROR(P30/N30,"") -> 1.4642857 | R30: =Image2Text_Base!H30 -> 0.056 | S30: =Image2Text_FT!H30 -> 0.264 | T30: =S30-R30 -> 0.208 | U30: =IFERROR(T30/R30,"") -> 3.7142857 | V30: =Image2Text_Base!I30 -> 0.083 | W30: =Image2Text_FT!I30 -> 0.403 | X30: =W30-V30 -> 0.32 | Y30: =IFERROR(X30/V30,"") -> 3.8554217 | Z30: =Text2Image_Base!F30 -> 72 | AA30: =IF(L30>=0.15,"Strong Improvement",IF(L30>=0.05,"Moderate Improvement",IF(L30>=-0.02,"Marginal/Flat","Regressed"))) -> Moderate Improvement | AB30: =IF(X30>=0.15,"Strong Improvement",IF(X30>=0.05,"Moderate Improvement",IF(X30>=-0.02,"Marginal/Flat","Regressed"))) -> Strong Improvement | AC30: =IF(Z30<70,"Low N (<70)","")

Sheet Correlation_Summary
A1: Correlation | B1: Value | C1: Interpretation guide
A2: Baseline score vs. Improvement (T2I, R@10) | B2: =CORREL(Delta_Analysis!J2:J30,Delta_Analysis!L2:L30) -> -0.45983083 | C2: Negative = categories that started weak improved the most
A3: Baseline score vs. Improvement (I2T, R@10) | B3: =CORREL(Delta_Analysis!V2:V30,Delta_Analysis!X2:X30) -> -0.44625859 | C3: Negative = categories that started weak improved the most
A4: Direction consistency - Baseline (T2I vs I2T, R@10) | B4: =CORREL(Delta_Analysis!J2:J30,Delta_Analysis!V2:V30) -> 0.91643086 | C4: High positive = a category hard in one direction is hard in the other
A5: Direction consistency - Fine-tuned (T2I vs I2T, R@10) | B5: =CORREL(Delta_Analysis!K2:K30,Delta_Analysis!W2:W30) -> 0.93859094 | C5: High positive = pattern still holds after fine-tuning
A6: Direction consistency - Improvement deltas (T2I vs I2T, R@10) | B6: =CORREL(Delta_Analysis!L2:L30,Delta_Analysis!X2:X30) -> -0.066769877 | C6: High positive = fine-tuning helped/hurt categories similarly in both directions

Sheet Weighted_Recall_Check
A1: Config | B1: Metric | C1: Simple_Avg_of_Categories | D1: Weighted_Avg_by_n | E1: Reported_Overall | F1: Diff_Weighted_vs_Reported
A2: T2I_Base | B2: R1 | C2: =AVERAGE(Text2Image_Base!G2:G30) -> 0.12451724 | D2: =SUMPRODUCT(Text2Image_Base!G2:G30,Text2Image_Base!F2:F30)/SUM(Text2Image_Base!F2:F30) -> 0.12179494 | E2: =Text2Image_Base!B34 -> 0.1307 | F2: =D2-E2 -> -0.0089050628
A3: T2I_Base | B3: R5 | C3: =AVERAGE(Text2Image_Base!H2:H30) -> 0.31289655 | D3: =SUMPRODUCT(Text2Image_Base!H2:H30,Text2Image_Base!F2:F30)/SUM(Text2Image_Base!F2:F30) -> 0.29317445 | E3: =Text2Image_Base!B35 -> 0.3112 | F3: =D3-E3 -> -0.018025549
A4: T2I_Base | B4: R10 | C4: =AVERAGE(Text2Image_Base!I2:I30) -> 0.40596552 | D4: =SUMPRODUCT(Text2Image_Base!I2:I30,Text2Image_Base!F2:F30)/SUM(Text2Image_Base!F2:F30) -> 0.3810779 | E4: =Text2Image_Base!B36 -> 0.4011 | F4: =D4-E4 -> -0.020022096
A5: T2I_FT | B5: R1 | C5: =AVERAGE(Text2Image_FT!G2:G30) -> 0.16003448 | D5: =SUMPRODUCT(Text2Image_FT!G2:G30,Text2Image_FT!F2:F30)/SUM(Text2Image_FT!F2:F30) -> 0.18944839 | E5: =Text2Image_FT!B34 -> 0.1894 | F5: =D5-E5 -> 4.8390895e-05
A6: T2I_FT | B6: R5 | C6: =AVERAGE(Text2Image_FT!H2:H30) -> 0.39627586 | D6: =SUMPRODUCT(Text2Image_FT!H2:H30,Text2Image_FT!F2:F30)/SUM(Text2Image_FT!F2:F30) -> 0.4259168 | E6: =Text2Image_FT!B35 -> 0.426 | F6: =D6-E6 -> -8.3202512e-05
A7: T2I_FT | B7: R10 | C7: =AVERAGE(Text2Image_FT!I2:I30) -> 0.5277931 | D7: =SUMPRODUCT(Text2Image_FT!I2:I30,Text2Image_FT!F2:F30)/SUM(Text2Image_FT!F2:F30) -> 0.542125 | E7: =Text2Image_FT!B36 -> 0.5422 | F7: =D7-E7 -> -7.5e-05
A8: I2T_Base | B8: R1 | C8: =AVERAGE(Image2Text_Base!G2:G30) -> 0.11144828 | D8: =SUMPRODUCT(Image2Text_Base!G2:G30,Image2Text_Base!F2:F30)/SUM(Image2Text_Base!F2:F30) -> 0.1305679 | E8: =Image2Text_Base!B34 -> 0.1219 | F8: =D8-E8 -> 0.0086678964
A9: I2T_Base | B9: R5 | C9: =AVERAGE(Image2Text_Base!H2:H30) -> 0.28268966 | D9: =SUMPRODUCT(Image2Text_Base!H2:H30,Image2Text_Base!F2:F30)/SUM(Image2Text_Base!F2:F30) -> 0.31137932 | E9: =Image2Text_Base!B35 -> 0.2932 | F9: =D9-E9 -> 0.018179317
A10: I2T_Base | B10: R10 | C10: =AVERAGE(Image2Text_Base!I2:I30) -> 0.37855172 | D10: =SUMPRODUCT(Image2Text_Base!I2:I30,Image2Text_Base!F2:F30)/SUM(Image2Text_Base!F2:F30) -> 0.40109262 | E10: =Image2Text_Base!B36 -> 0.3811 | F10: =D10-E10 -> 0.019992622
A11: I2T_FT | B11: R1 | C11: =AVERAGE(Image2Text_FT!G2:G30) -> 0.15548276 | D11: =SUMPRODUCT(Image2Text_FT!G2:G30,Image2Text_FT!F2:F30)/SUM(Image2Text_FT!F2:F30) -> 0.17160341 | E11: =Image2Text_FT!B34 -> 0.1715 | F11: =D11-E11 -> 0.00010341444
A12: I2T_FT | B12: R5 | C12: =AVERAGE(Image2Text_FT!H2:H30) -> 0.39351724 | D12: =SUMPRODUCT(Image2Text_FT!H2:H30,Image2Text_FT!F2:F30)/SUM(Image2Text_FT!F2:F30) -> 0.41319819 | E12: =Image2Text_FT!B35 -> 0.4131 | F12: =D12-E12 -> 9.8194662e-05
A13: I2T_FT | B13: R10 | C13: =AVERAGE(Image2Text_FT!I2:I30) -> 0.50796552 | D13: =SUMPRODUCT(Image2Text_FT!I2:I30,Image2Text_FT!F2:F30)/SUM(Image2Text_FT!F2:F30) -> 0.52359772 | E13: =Image2Text_FT!B36 -> 0.5235 | F13: =D13-E13 -> 9.7723705e-05
A18: Note: n sums to 5096 across all 29 categories, matching the full test set size, so Weighted_Avg_by_n is mathematically the same calculation as the true pooled (micro-averaged) overall recall reported in each source sheet's "Average Score" block. The small residual differences seen here (typically under 2 percentage points) come from the per-category recall values being stored to only 3 decimal places in the source text (e.g. "R@1=0.266"), which compounds slightly across 29 categories — not a methodology discrepancy. Simple_Avg (unweighted across categories) is shown alongside to make the effect of weighting by category size visible; it differs more from Reported_Overall precisely because larger categories (e.g. GROCERY, SHOES) pull the true pooled figure toward their own recall.
